name,date,collected_at,until,isJannies,available,price_per_deal,unit,price_per_unit,after_constructed
HiHi Jets ジャニーズ銀座2019 Tokyo Experience,2019-05-17,2019-05-16,1,1,1,77000,1,77000.0,0
HiHi Jets ジャニーズ銀座2019 Tokyo Experience,2019-05-17,2019-05-16,1,1,0,99000,1,99000.0,0
HiHi Jets ジャニーズ銀座2019 Tokyo Experience,2019-05-17,2019-05-16,1,1,0,150000,1,150000.0,0
HiHi Jets ジャニーズ銀座2019 Tokyo Experience,2019-05-17,2019-05-16,1,1,1,215000,1,215000.0,0
HiHi Jets ジャニーズ銀座2019 Tokyo Experience,2019-05-17,2019-05-16,1,1,1,230000,1,230000.0,0
HiHi Jets ジャニーズ銀座2019 Tokyo Experience,2019-05-17,2019-05-16,1,1,1,230000,2,115000.0,0
HiHi Jets ジャニーズ銀座2019 Tokyo Experience,2019-05-17,2019-05-16,1,1,0,230000,1,230000.0,0
HiHi Jets ジャニーズ銀座2019 Tokyo Experience,2019-05-17,2019-05-16,1,1,0,250000,1,250000.0,0
HiHi Jets ジャニーズ銀座2019 Tokyo Experience,2019-05-17,2019-05-16,1,1,1,280000,2,140000.0,0
HiHi Jets ジャニーズ銀座2019 Tokyo Experience,2019-05-18,2019-05-16,2,1,1,58000,2,29000.0,0
HiHi Jets ジャニーズ銀座2019 Tokyo Experience,2019-05-18,2019-05-16,2,1,1,60000,1,60000.0,0
HiHi Jets ジャニーズ銀座2019 Tokyo Experience,2019-05-18,2019-05-16,2,1,1,60000,1,60000.0,0
HiHi Jets ジャニーズ銀座2019 Tokyo Experience,2019-05-18,2019-05-16,2,1,1,61000,1,61000.0,0
HiHi Jets ジャニーズ銀座2019 Tokyo Experience,2019-05-18,2019-05-16,2,1,1,62800,2,31400.0,0
HiHi Jets ジャニーズ銀座2019 Tokyo Experience,2019-05-18,2019-05-16,2,1,1,68000,1,68000.0,0
HiHi Jets ジャニーズ銀座2019 Tokyo Experience,2019-05-18,2019-05-16,2,1,1,70000,2,35000.0,0
HiHi Jets ジャニーズ銀座2019 Tokyo Experience,2019-05-18,2019-05-16,2,1,1,80000,1,80000.0,0
HiHi Jets ジャニーズ銀座2019 Tokyo Experience,2019-05-18,2019-05-16,2,1,1,87000,1,87000.0,0
HiHi Jets ジャニーズ銀座2019 Tokyo Experience,2019-05-18,2019-05-16,2,1,1,95000,1,95000.0,0
HiHi Jets ジャニーズ銀座2019 Tokyo Experience,2019-05-18,2019-05-16,2,1,1,120000,1,120000.0,0
HiHi Jets ジャニーズ銀座2019 Tokyo Experience,2019-05-18,2019-05-16,2,1,1,150000,2,75000.0,0
HiHi Jets ジャニーズ銀座2019 Tokyo Experience,2019-05-18,2019-05-16,2,1,1,160000,1,160000.0,0
HiHi Jets ジャニーズ銀座2019 Tokyo Experience,2019-05-18,2019-05-16,2,1,1,165000,1,165000.0,0
HiHi Jets ジャニーズ銀座2019 Tokyo Experience,2019-05-18,2019-05-16,2,1,1,380000,2,190000.0,0
HiHi Jets ジャニーズ銀座2019 Tokyo Experience,2019-05-18,2019-05-16,2,1,1,54000,1,54000.0,0
HiHi Jets ジャニーズ銀座2019 Tokyo Experience,2019-05-18,2019-05-16,2,1,0,90000,2,45000.0,0
HiHi Jets ジャニーズ銀座2019 Tokyo Experience,2019-05-18,2019-05-16,2,1,0,130000,1,130000.0,0
HiHi Jets ジャニーズ銀座2019 Tokyo Experience,2019-05-18,2019-05-16,2,1,1,140000,1,140000.0,0
HiHi Jets ジャニーズ銀座2019 Tokyo Experience,2019-05-18,2019-05-16,2,1,0,230000,1,230000.0,0
HiHi Jets ジャニーズ銀座2019 Tokyo Experience,2019-05-18,2019-05-16,2,1,1,250000,1,250000.0,0
HiHi Jets ジャニーズ銀座2019 Tokyo Experience,2019-05-18,2019-05-16,2,1,1,400000,1,400000.0,0
HiHi Jets ジャニーズ銀座2019 Tokyo Experience,2019-05-19,2019-05-16,3,1,1,67000,1,67000.0,0
HiHi Jets ジャニーズ銀座2019 Tokyo Experience,2019-05-19,2019-05-16,3,1,1,72000,1,72000.0,0
HiHi Jets ジャニーズ銀座2019 Tokyo Experience,2019-05-19,2019-05-16,3,1,1,81000,1,81000.0,0
HiHi Jets ジャニーズ銀座2019 Tokyo Experience,2019-05-19,2019-05-16,3,1,1,102000,1,102000.0,0
HiHi Jets ジャニーズ銀座2019 Tokyo Experience,2019-05-19,2019-05-16,3,1,0,125000,1,125000.0,0
HiHi Jets ジャニーズ銀座2019 Tokyo Experience,2019-05-19,2019-05-16,3,1,1,165100,1,165100.0,0
HiHi Jets ジャニーズ銀座2019 Tokyo Experience,2019-05-19,2019-05-16,3,1,1,218000,1,218000.0,0
HiHi Jets ジャニーズ銀座2019 Tokyo Experience,2019-05-19,2019-05-16,3,1,1,350000,1,350000.0,0
HiHi Jets ジャニーズ銀座2019 Tokyo Experience,2019-05-19,2019-05-16,3,1,0,68000,2,34000.0,0
HiHi Jets ジャニーズ銀座2019 Tokyo Experience,2019-05-19,2019-05-16,3,1,1,75000,1,75000.0,0
HiHi Jets ジャニーズ銀座2019 Tokyo Experience,2019-05-19,2019-05-16,3,1,1,83000,1,83000.0,0
HiHi Jets ジャニーズ銀座2019 Tokyo Experience,2019-05-19,2019-05-16,3,1,1,85000,1,85000.0,0
HiHi Jets ジャニーズ銀座2019 Tokyo Experience,2019-05-19,2019-05-16,3,1,1,130000,1,130000.0,0
HiHi Jets ジャニーズ銀座2019 Tokyo Experience,2019-05-19,2019-05-16,3,1,1,150000,1,150000.0,0
HiHi Jets ジャニーズ銀座2019 Tokyo Experience,2019-05-19,2019-05-16,3,1,1,150000,1,150000.0,0
HiHi Jets ジャニーズ銀座2019 Tokyo Experience,2019-05-19,2019-05-16,3,1,1,168000,1,168000.0,0
HiHi Jets ジャニーズ銀座2019 Tokyo Experience,2019-05-19,2019-05-16,3,1,1,180000,1,180000.0,0
HiHi Jets ジャニーズ銀座2019 Tokyo Experience,2019-05-19,2019-05-16,3,1,1,180000,2,90000.0,0
HiHi Jets ジャニーズ銀座2019 Tokyo Experience,2019-05-19,2019-05-16,3,1,0,230000,1,230000.0,0
HiHi Jets ジャニーズ銀座2019 Tokyo Experience,2019-05-19,2019-05-16,3,1,1,230000,1,230000.0,0
HiHi Jets ジャニーズ銀座2019 Tokyo Experience,2019-05-19,2019-05-16,3,1,0,280000,1,280000.0,0
HiHi Jets ジャニーズ銀座2019 Tokyo Experience,2019-05-19,2019-05-16,3,1,1,320000,2,160000.0,0
ザ少年倶楽部（少クラ）,2019-05-20,2019-05-16,4,1,0,58000,1,58000.0,0
ザ少年倶楽部（少クラ）,2019-05-20,2019-05-16,4,1,0,53000,2,26500.0,0
ザ少年倶楽部（少クラ）,2019-05-20,2019-05-16,4,1,0,58000,1,58000.0,0
ザ少年倶楽部（少クラ）,2019-05-20,2019-05-16,4,1,0,58000,1,58000.0,0
ザ少年倶楽部（少クラ）,2019-05-20,2019-05-16,4,1,0,59000,1,59000.0,0
ザ少年倶楽部（少クラ）,2019-05-20,2019-05-16,4,1,0,59000,1,59000.0,0
ザ少年倶楽部（少クラ）,2019-05-20,2019-05-16,4,1,0,59000,1,59000.0,0
ザ少年倶楽部（少クラ）,2019-05-20,2019-05-16,4,1,0,59000,1,59000.0,0
ザ少年倶楽部（少クラ）,2019-05-20,2019-05-16,4,1,0,59500,1,59500.0,0
ザ少年倶楽部（少クラ）,2019-05-20,2019-05-16,4,1,0,59800,1,59800.0,0
ザ少年倶楽部（少クラ）,2019-05-20,2019-05-16,4,1,0,60000,1,60000.0,0
ザ少年倶楽部（少クラ）,2019-05-20,2019-05-16,4,1,1,60000,1,60000.0,0
ザ少年倶楽部（少クラ）,2019-05-20,2019-05-16,4,1,0,60000,1,60000.0,0
ザ少年倶楽部（少クラ）,2019-05-20,2019-05-16,4,1,0,60000,1,60000.0,0
ザ少年倶楽部（少クラ）,2019-05-20,2019-05-16,4,1,0,60000,1,60000.0,0
ザ少年倶楽部（少クラ）,2019-05-20,2019-05-16,4,1,1,68000,2,34000.0,0
ザ少年倶楽部（少クラ）,2019-05-20,2019-05-16,4,1,0,60000,1,60000.0,0
ザ少年倶楽部（少クラ）,2019-05-20,2019-05-16,4,1,1,65000,1,65000.0,0
HiHi Jets ジャニーズ銀座2019 Tokyo Experience,2019-05-21,2019-05-16,5,1,0,75000,1,75000.0,0
HiHi Jets ジャニーズ銀座2019 Tokyo Experience,2019-05-21,2019-05-16,5,1,1,76000,1,76000.0,0
HiHi Jets ジャニーズ銀座2019 Tokyo Experience,2019-05-21,2019-05-16,5,1,1,90000,1,90000.0,0
HiHi Jets ジャニーズ銀座2019 Tokyo Experience,2019-05-21,2019-05-16,5,1,1,105000,1,105000.0,0
HiHi Jets ジャニーズ銀座2019 Tokyo Experience,2019-05-21,2019-05-16,5,1,1,150000,1,150000.0,0
HiHi Jets ジャニーズ銀座2019 Tokyo Experience,2019-05-21,2019-05-16,5,1,1,180000,1,180000.0,0
HiHi Jets ジャニーズ銀座2019 Tokyo Experience,2019-05-21,2019-05-16,5,1,1,190000,2,95000.0,0
HiHi Jets ジャニーズ銀座2019 Tokyo Experience,2019-05-21,2019-05-16,5,1,1,210000,1,210000.0,0
HiHi Jets ジャニーズ銀座2019 Tokyo Experience,2019-05-21,2019-05-16,5,1,1,240000,1,240000.0,0
HiHi Jets ジャニーズ銀座2019 Tokyo Experience,2019-05-21,2019-05-16,5,1,1,250000,1,250000.0,0
HiHi Jets ジャニーズ銀座2019 Tokyo Experience,2019-05-21,2019-05-16,5,1,1,250000,1,250000.0,0
HiHi Jets ジャニーズ銀座2019 Tokyo Experience,2019-05-21,2019-05-16,5,1,1,280000,1,280000.0,0
HiHi Jets ジャニーズ銀座2019 Tokyo Experience,2019-05-21,2019-05-16,5,1,1,290000,1,290000.0,0
HiHi Jets ジャニーズ銀座2019 Tokyo Experience,2019-05-21,2019-05-16,5,1,1,300000,1,300000.0,0
HiHi Jets ジャニーズ銀座2019 Tokyo Experience,2019-05-22,2019-05-16,6,1,1,61000,2,30500.0,0
HiHi Jets ジャニーズ銀座2019 Tokyo Experience,2019-05-22,2019-05-16,6,1,0,65000,1,65000.0,0
HiHi Jets ジャニーズ銀座2019 Tokyo Experience,2019-05-22,2019-05-16,6,1,1,69000,2,34500.0,0
HiHi Jets ジャニーズ銀座2019 Tokyo Experience,2019-05-22,2019-05-16,6,1,1,69000,2,34500.0,0
HiHi Jets ジャニーズ銀座2019 Tokyo Experience,2019-05-22,2019-05-16,6,1,1,70000,1,70000.0,0
HiHi Jets ジャニーズ銀座2019 Tokyo Experience,2019-05-22,2019-05-16,6,1,1,70000,1,70000.0,0
HiHi Jets ジャニーズ銀座2019 Tokyo Experience,2019-05-22,2019-05-16,6,1,1,70000,1,70000.0,0
HiHi Jets ジャニーズ銀座2019 Tokyo Experience,2019-05-22,2019-05-16,6,1,1,70000,1,70000.0,0
HiHi Jets ジャニーズ銀座2019 Tokyo Experience,2019-05-22,2019-05-16,6,1,1,70000,2,35000.0,0
HiHi Jets ジャニーズ銀座2019 Tokyo Experience,2019-05-22,2019-05-16,6,1,1,84000,1,84000.0,0
HiHi Jets ジャニーズ銀座2019 Tokyo Experience,2019-05-22,2019-05-16,6,1,1,90000,2,45000.0,0
HiHi Jets ジャニーズ銀座2019 Tokyo Experience,2019-05-22,2019-05-16,6,1,0,94000,1,94000.0,0
HiHi Jets ジャニーズ銀座2019 Tokyo Experience,2019-05-22,2019-05-16,6,1,1,100000,1,100000.0,0
HiHi Jets ジャニーズ銀座2019 Tokyo Experience,2019-05-22,2019-05-16,6,1,1,100000,1,100000.0,0
HiHi Jets ジャニーズ銀座2019 Tokyo Experience,2019-05-22,2019-05-16,6,1,1,100000,2,50000.0,0
氷川きよし特別公演新歌舞伎座5/23 夜S席1階8~10列センターブロック1 ~2枚,2019-05-23,2019-05-16,7,0,1,12000,2,6000.0,0
★2019年7月13日(土曜日)に大阪である大阪新歌舞伎座開場60周年記念市川由紀乃コンサートのチケット送料込み!,2019-07-13,2019-05-16,58,0,1,21000,1,21000.0,0
"ごごウタ NHK みんなの広場 ふれあいホール 5/24 (金) 1枚2枚様 入場整理券 小堺一機,塚原愛,おかゆ,門倉有希,北島兄弟,神野美伽,ほか",2019-05-24,2019-05-16,8,0,1,1300,1,1300.0,0
松平健川中美幸特別公演6月8日土曜日11時開演新歌舞伎座1階18列2枚ペア,2019-06-08,2019-05-16,23,0,1,5000,2,2500.0,0
氷川きよし 特別公演 新歌舞伎座,2019-05-19,2019-05-16,3,0,1,16000,1,16000.0,0
氷川きよし特別公演♪新歌舞伎座5/26(日)昼1階1列送料込み1枚,2019-05-26,2019-05-16,10,0,1,16000,1,16000.0,0
氷川きよし 特別公演,2019-05-17,2019-05-16,1,0,1,16000,1,16000.0,0
入場券「八代亜紀コンサート2019」ゲスト北川大介2019年6月14日夜の部津田沼文化ホール,2019-06-14,2019-05-16,29,0,1,1100,1,1100.0,0
森昌子祝還暦コンサート7月22日14時江戸川区総合文化センター。プレミアシート。7列20,2019-07-22,2019-05-16,67,0,1,15000,1,15000.0,0
氷川きよし 特別公演 5/25 2階S席 2枚連番,2019-05-25,2019-05-16,9,0,1,20000,2,10000.0,0
◇格安S席9000円◇氷川きよし1階16列◇5/25(夜)新歌舞伎座 1枚,2019-05-25,2019-05-16,9,0,1,5000,1,5000.0,0
氷川きよし 特別公演 新歌舞伎座 5月26日夜の部1階11列 ペアチケット,2019-05-26,2019-05-16,10,0,1,30000,1,30000.0,0
氷川きよし特別公演新歌舞伎座5月24日昼1階5列目良席1枚,2019-05-24,2019-05-16,8,0,1,16000,1,16000.0,0
氷川きよし 新歌舞伎座 特別公演 5月23日(夜) S席 2枚連番 速達,2019-05-23,2019-05-16,7,0,1,30000,2,15000.0,0
氷川きよし新歌舞伎座特別公演5/22夜S席ペア定価以下即決ありおまけ付,2019-05-22,2019-05-16,6,0,1,21000,1,21000.0,0
福田こうへいコンサートチケット松戸森のホール21SS席5月28日,2019-05-28,2019-05-16,12,0,1,1300,1,1300.0,0
氷川きよし特別公演新歌舞伎座5月26日(日)昼の部S席6列,2019-05-26,2019-05-16,10,0,1,17000,1,17000.0,0
氷川きよし 新歌舞伎座 5月26日 夜の部S席1枚,2019-05-26,2019-05-16,10,0,1,15000,1,15000.0,0
【京都】福田こうへいコンサート/石川さゆりコンサート★割引予約券,2019-05-19,2019-05-16,3,0,1,100,1,100.0,0
★★ 2019.8.1 夜の部プレミアムチケット 連続2席分森昌子厚木市民文化会館 ★★,2019-05-19,2019-05-16,3,0,1,22000,1,22000.0,0
氷川きよし特別公演 新歌舞伎座 5/25(昼)S席1枚,2019-05-25,2019-05-16,9,0,1,10000,1,10000.0,0
大月みやこ歌謡ショー チケット2枚 大月みやこ歌謡ショー チケット2枚,2019-05-18,2019-05-16,2,0,1,3000,2,1500.0,0
♪氷川きよし特別公演新歌舞伎座♪5/23 昼 1階S席 ペア 定価以下,2019-05-23,2019-05-16,7,0,1,26000,1,26000.0,0
☆ 島津亜矢コンサート 5月25日(土) 1階10列 ☆,2019-05-25,2019-05-16,9,0,1,8000,1,8000.0,0
【観覧同伴者募集】 5月20日(月) 「美空ひばり没後30年 市川由紀乃と三山ひろしが歌う名曲選公開収録」,2019-05-20,2019-05-16,4,0,1,1000,1,1000.0,0
福田こうへい ★7月10日(水)★ 神奈川(相模女子大学グリーンホール)SS席 2枚連番 コンサート チケット ペア,2019-07-10,2019-05-16,55,0,1,13648,2,6824.0,0
【京都】市川由紀乃コンサート★割引予約券6月13日,2019-06-13,2019-05-16,28,0,1,100,1,100.0,0
天童よしみコンサートチケット5月18日16:30開演,2019-05-18,2019-05-16,2,0,1,1000,1,1000.0,0
【チケット】5/24 雪月花 新演歌三姉妹 S席 1枚,2019-05-24,2019-05-16,8,0,1,4500,1,4500.0,0
竹島宏~ムード歌謡の世界へvol.3~2019.6.1名古屋今池ガスホール(1枚)14:00開演,2019-05-21,2019-05-16,5,0,1,3000,1,3000.0,0
中澤卓也 ミニライブ 繋ぐウタゴコロ 6月3日 高崎シティギャラリー コアホール 1枚,2019-06-03,2019-05-16,18,0,1,3900,1,3900.0,0
純烈コンサート・梅田特別優待はがき,2019-05-18,2019-05-16,2,0,1,1000,1,1000.0,0
♪五木ひろし コンサート 2019梅田芸術劇場メインホール6月21日金14時~または夜18時~♪新品,2019-06-21,2019-05-16,36,0,1,300,1,300.0,0
[新品] 森昌子 祝 還暦コンサート 2019/5/28 チケット2枚セット メール便,2019-05-28,2019-05-16,12,0,1,9000,2,4500.0,0
6月3日 6月4日 浅草公会堂 梅沢富美男&研ナオコ特別講演 7000円→3000円になる特別割引ご優待状 6/3 6/4,2019-06-03,2019-05-16,18,0,1,618,1,618.0,0
山内恵介さんの山形公演のチケットです。,2019-05-18,2019-05-16,2,0,1,5400,1,5400.0,0
竹島宏 ~June Dream~ 京都劇場 6/23 15:45 連番ペアチケット,2019-06-23,2019-05-16,38,0,1,12000,1,12000.0,0
天童よしみ コンサート サンドーム福井 5/19(日) 16時30分,2019-05-19,2019-05-16,3,0,1,800,1,800.0,0
中澤卓也コンサート故郷から全国へ・追加公演・感謝を込めて特別バージョン宣伝用チラシ50枚セット,2019-05-22,2019-05-16,6,0,1,3000,50,60.0,0
